[
  {
    "featureType": "administrative.neighborhood",
    "elementType": "labels.text.fill",
    "stylers": [
      {
        "color": "#6c7782"
      },
      {
        "visibility": "on"
      }
    ]
  },
  {
    "featureType": "landscape",
    "elementType": "geometry",
    "stylers": [
      {
        "color": "#fcfcfc"
      }
    ]
  },
  {
    "featureType": "landscape.natural.landcover",
    "stylers": [
      {
        "color": "#fcfcfc"
      }
    ]
  },
  {
    "featureType": "poi.attraction",
    "elementType": "labels.icon",
    "stylers": [
      {
        "color": "#6ad1e7"
      }
    ]
  },
  {
    "featureType": "poi.attraction",
    "elementType": "labels.text.fill",
    "stylers": [
      {
        "color": "#41a0b5"
      }
    ]
  },
  {
    "featureType": "poi.business",
    "elementType": "geometry",
    "stylers": [
      {
        "color": "#d5f0ce"
      }
    ]
  }
]